burst,p256,f1,hr321,hr32,t50,t90 
1700,0.00604,-5.70533,0.51374,0.2802,0.73046,1.37555
4939,0.1186,-5.57982,0.46891,0.21947,0.84954,1.30242
606,0.02202,-5.50438,0.43087,0.19476,0.93328,1.31672
2079,-0.02733,-5.77924,0.44971,0.22568,0.86688,1.34021
3801,0.04336,-5.76173,0.48381,0.2927,1.09286,1.48787
2753,-0.00043,-5.5201,0.5556,0.31125,0.93651,1.33766
2925,0.11361,-5.74899,0.4113,0.17352,0.87806,1.23431
2688,0.03463,-5.50062,0.49172,0.2865,1.06386,1.55281
2477,0.11594,-5.61338,0.37985,0.27806,0.87806,1.20063
3350,0.03463,-5.46909,0.51512,0.22684,0.68124,1.11581
2119,-0.02503,-5.81146,0.42578,0.2581,0.74068,1.18458
3509,0.03463,-5.47874,0.39627,0.28279,0.7356,1.17447
686,-0.03152,-5.64819,0.5157,0.16824,0.69827,1.04673
2853,-0.06753,-5.49176,0.44427,0.35298,0.70381,1.14563
2662,0.17955,-5.39037,0.52471,0.29927,0.80182,1.20758
3908,0.00732,-5.90134,0.52999,0.30302,0.72787,1.14364
5434,-0.03621,-5.49827,0.54239,0.17515,0.82737,1.54456
3120,0.05994,-5.71287,0.40728,0.11456,0.98516,1.27527
3005,-0.04721,-5.36514,0.44034,0.17342,0.95231,1.42943
5416,0.1176,-5.46588,0.41567,0.14047,1.12215,1.36609
2267,-0.01592,-5.39616,0.49763,0.31307,0.7457,1.1486
5387,0.13354,-5.43713,0.47139,0.28577,1.07569,1.63548
1924,0.06707,-5.25226,0.47288,0.21855,0.80182,1.42423
2203,0.13481,-5.65996,0.4354,0.15499,0.51375,1.17909
2306,0.00346,-5.47563,0.49109,0.40289,0.59857,1.32469
2432,0.10003,-5.3884,0.4349,0.13933,0.65128,1.13456
3072,0.02776,-5.67644,0.43938,0.16974,0.59857,0.93972
3070,0.10653,-5.15024,0.49427,0.29588,0.87437,1.31605
2191,-0.0804,-5.33735,0.5735,0.30435,0.86688,1.40278
1126,-0.09637,-5.6534,0.59368,0.37103,0.98227,1.30724
2484,0.19061,-5.59244,0.54811,0.34182,0.65128,1.0566
803,0.07188,-5.76135,0.46375,0.29636,0.64503,0.85926
3276,0.10278,-5.55651,0.31084,0.20774,0.79071,1.30518
2916,0.01242,-5.51201,0.36797,0.14917,0.75066,1.00621
1452,-0.10679,-5.91329,0.41151,0.27578,0.79741,1.08493
2143,-0.10958,-5.366,0.54209,0.35675,1.06625,1.34776
5415,0.14737,-5.44973,0.36986,0.12825,0.90655,1.41256
3608,0.23019,-5.52876,0.52251,0.17777,0.70927,1.22778
3040,0.23019,-5.50209,0.41028,0.15575,1.04673,1.41471
3012,-0.00087,-5.93244,0.40442,0.17333,0.78845,0.99651
2985,-0.05799,-5.77057,0.3719,0.17651,1.13659,1.49282
1580,0.08243,-5.32232,0.53388,0.35632,1.18093,1.58937
3322,-0.11295,-5.94226,0.48182,0.34962,1.05538,1.42684
2102,0.2079,-5.60817,0.47928,0.1878,0.55437,1.06145
3805,-0.08884,-5.70914,0.35051,0.17186,0.96755,1.47828
2510,-0.09583,-5.38168,0.39288,0.18647,0.70381,1.19179
1561,-0.09205,-5.76616,0.39632,0.08584,0.92675,1.35518
2197,0.01703,-5.38469,0.36326,0.17261,1.08493,1.60136
2019,0.16167,-5.11176,0.42458,0.20851,1.08034,1.33638
1472,0.16465,-5.29378,0.37536,0.17177,0.78845,1.19712
2864,-0.16431,-5.32922,0.5179,0.34205,0.97644,1.49058
3416,0.11826,-5.71794,0.42008,0.03996,1.11474,1.57296
2252,-0.19314,-5.63284,0.49837,0.2509,1.10285,1.54812
2931,-0.10958,-5.42765,0.48839,0.27546,1.14264,1.66742
1967,0.23477,-5.35739,0.37431,0.20838,1.00484,1.40497
2950,0.09899,-5.50654,0.34513,0.08036,1.11368,1.44066
2315,0.22037,-5.16456,0.49728,0.27918,0.97937,1.28619
3370,-0.15802,-5.87587,0.43768,0.25181,0.77232,1.58469
3015,0.24428,-5.23157,0.53043,0.31632,1.04922,1.42736
3026,0.0187,-5.66311,0.35139,0.08316,0.58433,1.04171
3503,0.11793,-5.87729,0.36205,0.10426,0.56205,1.4216
2253,0.33766,-5.59328,0.47023,0.24794,1.06145,1.29332
5517,0.24748,-5.72218,0.45951,0.22601,0.42943,1.16029
398,0.23401,-5.22548,0.41709,0.18917,1.01569,1.40824
2340,0.20575,-5.38814,0.34822,0.15064,1.06386,1.35149
2719,0.09447,-6.19702,0.5246,0.28468,0.89609,1.54258
2697,0.09726,-5.38884,0.38003,0.0559,0.67541,1.13659
3886,0.32428,-5.71357,0.43104,0.14826,1.02366,1.09621
594,-0.05948,-5.30744,0.58914,0.4199,1.14264,1.42943
2706,0.28556,-5.19712,0.5058,0.31287,0.90998,1.33766
1559,-0.01728,-5.2596,0.57606,0.43105,1.10065,1.51033
1540,-0.05355,-5.67557,0.36557,0.177,1.20758,1.7437
1730,-0.22841,-5.70355,0.42009,0.18022,1.13862,1.49192
2219,0.20978,-5.74545,0.37977,0.086,0.62572,1.04922
2304,-0.1152,-5.52331,0.40965,0.15935,1.25256,1.73483
3871,0.04336,-5.23923,0.35852,0.13134,0.90998,1.6444
704,0.1364,-5.34232,0.55242,0.35481,1.35763,1.6617
3217,-0.00261,-5.21862,0.49976,0.15784,1.22115,1.65159
3869,0.00087,-5.89676,0.40513,0.15115,0.43965,0.93651
3465,-0.24949,-5.33079,0.53276,0.36448,0.89254,1.23188
3471,-0.22475,-5.52788,0.44906,0.16953,0.52634,1.29684
332,0.07482,-5.39559,0.33342,0.136,1.13862,1.70436
5555,-0.10292,-5.50297,0.46502,0.11739,1.26255,1.69211
5516,-0.24489,-5.86487,0.39242,0.27558,1.0566,1.44217
2620,0.1329,-5.68366,0.29112,0.02468,0.77931,1.276
1218,0.09517,-5.74795,0.27594,0.12251,0.61236,0.97644
5541,0.21906,-5.43404,0.32794,0.09553,0.76997,1.42213
4216,0.17984,-5.24875,0.40407,0.03952,1.02102,1.40606
3168,-0.29499,-5.60797,0.56593,0.19034,0.81902,1.2572
3472,0.1209,-5.55895,0.3067,0.03963,0.61236,1.20238
1447,0.2413,-5.06342,0.52918,0.36143,1.04673,1.35641
563,0.27554,-5.17672,0.3901,0.17204,0.93651,1.35272
2189,-0.27984,-5.74073,0.34688,0.21697,0.94606,1.31268
2932,-0.23958,-5.73723,0.40199,0.30531,0.59923,0.95999
2311,-0.12552,-5.52372,0.33509,0.02923,0.95075,1.4216
2430,-0.15864,-5.48497,0.37483,0.05403,1.04673,1.44864
2505,-0.16368,-5.64421,0.45722,0.22809,1.27674,1.81329
3903,-0.13253,-5.54646,0.55322,0.184,1.25022,1.82238
3655,-0.05453,-5.59512,0.32518,0.01543,0.72526,1.28834
1396,0.22583,-5.58383,0.32604,0.11074,1.17909,1.32205
1446,-0.31605,-5.56439,0.52844,0.30613,0.96454,1.52551
5495,0.32715,-5.47284,0.42222,0.13606,0.51375,1.41949
2087,0.32325,-5.50289,0.54692,0.3125,0.43965,1.00484
1279,0.08063,-5.73623,0.2773,0.02911,1.07569,1.57703
4959,-0.30627,-5.37453,0.473,0.2601,1.04171,1.49593
5515,0.00689,-5.36682,0.3607,0.14591,1.38596,1.6966
2385,-0.25026,-5.94405,0.54436,0.43584,0.8396,1.25178
3102,-0.02,-5.03098,0.57996,0.38437,1.1754,1.56886
764,-0.01323,-5.63227,0.23538,0.03921,0.89254,1.31806
2181,-0.13253,-5.59818,0.45882,0.1857,1.2595,1.98544
3358,-0.03198,-5.53665,0.25164,0.02736,1.00208,1.39836
3085,0.12516,-5.43243,0.31937,0.00755,0.61909,1.05169
2569,0.01115,-5.79206,0.30867,-0.01838,0.94606,1.37438
3084,0.34753,-5.29063,0.48491,0.22271,0.69267,0.98227
501,0.041,-6.18766,0.37998,0.09677,0.69827,1.52799
3193,-0.18509,-5.39527,0.4806,0.22309,1.22115,1.80661
2047,0.32531,-5.62193,0.38033,0.11115,1.08721,1.61371
2405,-0.04576,-5.70497,0.62558,0.40734,1.39947,1.80627
2709,0.29842,-5.12626,0.56984,0.39298,0.95231,1.26708
1885,-0.11976,-5.46953,0.36635,0.24253,1.39724,1.78981
2725,-0.28904,-5.67008,0.4981,0.41122,0.51375,1.05415
658,0.10755,-5.5224,0.23565,0.01328,0.77931,1.31538
548,0.30016,-5.21149,0.3715,0.175,1.13659,1.559
2070,-0.19314,-5.84257,0.51856,0.3201,1.37203,1.74219
2664,-0.266,-5.343,0.38031,0.13663,1.09621,1.54615
2148,0.14644,-5.75129,0.42576,0.17476,1.66891,1.788
3129,-0.19586,-5.84808,0.33495,0.05573,0.94606,1.3038
3032,0.3653,-5.32697,0.34896,0.23072,0.90655,1.11793
2951,0.15137,-5.85216,0.4516,0.25219,0.36267,0.68699
3935,-0.30627,-5.14801,0.45928,0.21268,0.88173,1.43508
2204,-0.14267,-5.99648,0.33299,0.0661,1.04922,1.36248
3320,0.05767,-5.14254,0.32062,0.14167,1.27305,1.62965
2663,-0.18642,-5.77886,0.29898,0.08637,0.73046,1.08721
2774,-0.26281,-5.22995,0.4398,0.20952,1.05169,1.74144
3637,0.43088,-5.38567,0.51928,0.25726,0.62572,1.12005
2111,0.08707,-5.3402,0.24418,0.08398,1.17725,1.46324
2751,-0.38091,-5.78696,0.45239,0.22895,0.90655,1.31268
235,-0.25806,-5.5282,0.65442,0.42414,1.01301,1.42213
2310,-0.2815,-5.81772,0.42305,0.07674,1.16507,1.42995
5454,0.0086,-5.51234,0.33751,-0.02199,1.22778,1.55476
2610,0.1186,-5.20048,0.62367,0.36073,1.48923,1.68756
2277,0.0667,-5.35822,0.59307,0.37291,1.56129,1.84201
591,-0.07676,-5.49952,0.37059,0.0955,1.48652,1.74868
2101,-0.31785,-5.27388,0.50909,0.28519,1.15448,1.48012
2600,0.13988,-5.37327,0.23384,0.05332,0.99087,1.50254
3347,-0.13847,-5.23638,0.46612,0.12999,1.29684,1.78686
5531,0.2222,-5.35419,0.33366,-0.00675,0.87806,1.53046
3505,-0.07624,-5.69656,0.45087,-0.11832,1.04297,1.24155
5538,-0.20066,-5.41233,0.63556,0.50649,0.85926,1.37203
1742,-0.10403,-5.52427,0.30344,0.01222,1.02629,1.71734
1628,0.14799,-5.21665,0.34416,0.07014,1.34901,1.56358
3142,0.30771,-5.33594,0.6366,0.47026,0.92675,1.51967
3017,-0.03905,-5.10784,0.45713,0.24054,1.48287,1.87825
2900,-0.33161,-5.48731,0.58531,0.36324,0.55047,1.25873
1467,0.3543,-5.0034,0.469,0.19955,0.86308,1.42839
3515,-0.13847,-6.05376,0.31244,0.05836,0.8996,1.42839
2640,0.04336,-5.45289,0.30039,-0.01019,0.42943,1.41471
5545,0.34811,-5.5334,0.60287,0.40829,0.38596,1.09844
3109,0.08135,-5.29139,0.25477,0.03875,1.13252,1.53777
2695,-0.23508,-5.21152,0.35372,0.14188,1.15253,1.52343
1604,-0.27327,-5.59377,0.3283,0.07615,0.98516,1.45939
3164,-0.14267,-5.17589,0.61879,0.32009,0.45939,0.87437
1449,0.16673,-5.32208,0.30509,0.05887,1.35518,1.52135
2515,-0.065,-6.3215,0.50641,0.2979,0.45454,1.02235
2254,0.21431,-5.87327,0.52908,0.31939,0.2833,0.7356
1087,-0.07109,-5.85496,0.2902,0.042,1.34776,1.44066
2106,0.19368,-4.90015,0.61974,0.42995,0.89609,1.41577
3527,0.47813,-5.55871,0.49751,0.21698,0.56205,1.13252
5472,0.29248,-5.39673,0.38241,0.0473,1.0566,1.74144
5490,-0.01368,-5.89315,0.23781,0.00903,0.96755,1.26406
3283,0.41061,-5.4883,0.37461,0.13649,0.96152,1.66109
755,-0.03105,-6.13418,0.43628,0.20924,0.29754,0.8105
2074,0.11528,-4.94716,0.4791,0.26142,1.25797,1.92212
160,0.47712,-5.31334,0.5623,0.35397,0.92345,1.23106
773,-0.04624,-5.58436,0.31409,0.02911,1.31538,1.78527
2944,0.14706,-5.52857,0.64011,0.43826,0.45939,0.71466
3101,0.34596,-4.96519,0.4878,0.27352,0.92345,1.57259
1626,0.41979,-5.87328,0.516,0.26114,1.36847,1.48196
5407,-0.14691,-5.22889,0.52022,0.35654,1.44864,1.88063
5518,0.37162,-5.13038,0.46962,0.18953,0.8396,1.7152
4388,-0.01502,-5.60068,0.44109,0.18931,1.77838,1.8515
2482,0.12057,-5.37814,0.22522,0.01869,1.07569,1.55125
3237,0.30384,-5.32878,0.35426,0.0359,0.82737,1.66502
795,0.04727,-5.44083,0.2925,0.02726,1.32862,1.76665
5494,-0.05502,-5.93996,0.72574,0.40849,1.276,1.50515
3879,0.1784,-5.61971,0.24645,-0.02691,0.68124,1.48968
3771,0.15381,-5.32252,0.40708,0.21291,1.48923,2.12142
3267,-0.34582,-5.63372,0.43502,0.23243,1.26102,1.73509
1036,-0.02872,-5.26164,0.39804,0.15361,1.5163,2.00042
1346,0.1529,-6.06309,0.47265,0.35655,0.33766,0.65744
1956,0.41061,-5.26174,0.38943,0.14137,0.61236,1.14662
2443,0.32118,-4.84234,0.46713,0.29129,0.75066,1.46084
1123,-0.31876,-5.91417,0.61411,0.35689,1.23754,1.50688
5566,-0.05306,-4.8788,0.60993,0.3154,1.30861,1.60032
4569,0.29048,-5.55741,0.62551,0.39017,0.44963,0.7839
2440,-0.07727,-5.57803,0.28757,0.09405,1.43559,1.79895
5574,0.07041,-5.15555,0.45743,0.13683,1.45843,2.07849
753,-0.25026,-6.10224,0.36086,0.10636,0.59857,1.26102
1717,0.47741,-5.31848,0.48259,0.26544,0.52218,1.16602
2240,-0.2233,-5.71537,0.33567,0.0586,1.31806,1.62539
3096,0.35793,-5.55705,0.37723,0.14852,0.41896,0.84361
3339,-0.24185,-5.12938,0.55983,0.26841,1.31739,1.71332
1558,-0.41117,-5.86234,0.42115,0.15489,1.03663,1.44066
1740,-0.08407,-5.58109,0.63999,0.46676,1.50947,1.80357
3486,0.10312,-5.54461,0.35636,0.10102,1.69548,1.83108
1567,-0.27084,-5.64023,0.27746,0.04207,0.72526,1.23431
2992,-0.28483,-6.09798,0.61096,0.43439,1.07335,1.22614
237,-0.08355,-6.03955,0.66243,0.40405,1.48012,1.60758
2843,0.18213,-5.42995,0.72699,0.51891,0.82737,1.04673
4710,0.4615,-5.38814,0.42433,0.15071,0.51375,0.9993
5484,0.42797,-5.19519,0.51011,0.2669,1.12005,1.81007
5492,0.0026,-5.18161,0.63334,0.4478,0.99087,2.17167
2344,-0.34199,-5.08052,0.50576,0.2274,1.13456,1.49859
630,-0.22113,-5.92429,0.25414,0.0502,0.90309,1.2595
414,0.00561,-6.22496,0.34348,-0.01874,0.72526,1.19179
1806,-0.28735,-5.81204,0.3172,0.07866,1.19712,1.4946
3080,-0.01011,-5.04658,0.66348,0.23876,1.47457,1.68671
5551,-0.05306,-5.26319,0.3799,0.02787,1.49638,1.78092
2681,0.21458,-5.1369,0.6455,0.45275,1.26406,1.74395
5554,0.09899,-4.88442,0.59552,0.38223,1.26406,1.89925
1642,-0.29843,-5.63119,0.50521,0.3747,1.45258,1.91845
1661,-0.39469,-5.28188,0.49314,0.22552,1.12633,1.56433
3091,-0.06702,-5.68022,0.23902,-0.03969,0.67541,0.97644
2696,0.06108,-5.12047,0.2832,0.03507,1.23754,1.65866
3819,-0.03152,-5.56788,0.2874,-0.03711,1.19712,1.74017
1807,0.28194,-5.11512,0.40052,0.15064,1.42213,1.76379
5539,0.27393,-5.80192,0.26916,0.05436,0.93328,1.89111
2298,-0.26922,-5.3309,0.47833,0.2161,1.50079,1.8452
1303,-0.08145,-4.84237,0.68205,0.41247,0.8996,1.32732
2391,-0.45842,-5.39017,0.412,0.24129,0.77931,1.14364
2634,0.13799,-5.0567,0.28772,0.02949,1.08948,1.76831
3246,0.0569,-5.28405,0.35004,-0.06064,1.14464,1.73611
3792,-0.2204,-6.02927,0.32669,0.05044,0.53046,1.34337
1515,-0.07936,-5.24787,0.65405,0.34235,1.57036,1.84954
1657,-0.42713,-5.9857,0.5366,0.34114,0.69827,1.12424
2472,-0.41341,-5.76068,0.52833,0.35186,1.23915,1.62009
2129,-0.25337,-6.18758,0.47026,0.03397,0.97644,1.09398
3177,0.43185,-5.62593,0.4481,0.13807,0.33766,0.8253
5409,-0.0716,-4.95081,0.5237,0.25507,1.55514,1.84757
2233,-0.49894,-5.62205,0.48983,0.2232,0.80618,1.15253
3671,-0.0278,-5.47051,0.7039,0.40852,1.51967,1.84658
1651,0.44592,-5.27107,0.46757,0.11174,0.58433,0.93003
3913,0.03383,-4.89334,0.45309,0.30149,1.54891,1.90896
1611,-0.00261,-6.44695,0.54504,0.34508,1.46705,1.54733
3906,0.36586,-5.21404,0.30883,0.03365,0.84361,1.31672
5463,-0.11862,-4.90683,0.48427,0.19221,1.37203,1.81669
2857,-0.25964,-5.89927,0.6963,0.48769,1.00346,1.38995
3403,-0.34199,-5.78707,0.3081,0.12156,1.18093,1.50297
2437,-0.31426,-6.03157,0.64891,0.39645,0.61909,1.20151
1922,0.47363,-5.63862,0.40059,0.19222,0.26858,1.2093
3212,0.30535,-4.98309,0.38967,0.16563,1.07218,1.92129
2188,-0.07469,-5.34153,0.38061,0.1,1.70764,1.87139
3654,0.45939,-5.11892,0.57109,0.37927,0.58433,1.07452
2750,-0.26122,-6.10612,0.28384,0.10822,0.6695,1.04673
3407,0.18441,-5.16752,0.38081,0.1795,1.63805,1.96076
2373,-0.29757,-5.83544,0.29751,0.08329,1.14464,1.72026
2429,0.1427,-4.76131,0.40703,0.23336,1.31404,1.93571
3807,-0.08197,-5.95767,0.66367,0.46758,0.45939,0.75557
5524,-0.30892,-5.89079,0.33041,0.11215,1.27231,1.63258
3259,0.3145,-4.8562,0.5586,0.34168,1.18093,1.68528
171,-0.18977,-5.7341,0.2442,-0.05029,1.10938,1.39389
2367,0.61045,-5.89727,0.4178,0.17008,0.80182,1.27453
2187,-0.37986,-6.05933,0.40474,0.08678,0.90309,1.35272
2898,-0.10568,-5.22225,0.30831,-0.0862,0.82737,1.1754
5476,0.40654,-5.33235,0.31986,0.0186,1.12215,1.34021
5513,-0.44249,-5.93213,0.37539,0.20774,0.59506,1.23024
3843,0.36773,-4.88075,0.50496,0.33111,1.08493,1.70353
3238,0.20058,-5.78569,0.2407,-0.08536,0.80618,1.32073
2500,0.09342,-4.98675,0.36618,0.13319,1.59293,1.85072
5475,0.3831,-5.17184,0.55754,0.29994,1.40932,1.86213
2347,-0.2652,-5.99368,0.24673,0.08927,0.60552,1.08493
2324,-0.08355,-5.0593,0.32765,0.16674,1.43864,1.9671
1456,-0.27327,-5.55387,0.34401,0.00044,1.24551,1.68008
2570,0.40756,-4.99981,0.60535,0.4458,0.79295,1.14063
2560,-0.02919,-5.19146,0.76147,0.52906,0.7839,1.25022
1200,0.06781,-5.42271,0.19606,-0.06116,0.86308,1.44267
938,0.02202,-5.68026,0.18308,-0.0611,0.96152,1.49103
2862,-0.03905,-6.43457,0.38225,0.15309,1.43201,1.62143
5493,-0.09259,-5.1913,0.30504,0.03678,1.42684,1.85092
3159,0.01953,-6.04432,0.27009,-0.09333,1.14464,1.26102
5581,-0.24109,-6.04072,0.30921,-0.02556,0.91677,1.45891
3364,-0.08197,-4.93408,0.28763,0.0126,1.11687,1.59822
3001,0.62242,-5.21127,0.50638,0.28653,1.09621,1.4727
3074,-0.39041,-5.89141,0.36634,0.14636,1.24551,1.63548
1382,-0.29243,-6.10092,0.35475,0.12735,0.50515,0.89254
5389,0.61669,-5.15324,0.4291,0.23124,1.03407,1.37555
1731,0.35755,-4.92309,0.62869,0.47178,0.8996,1.19888
4653,0.09167,-5.46785,0.26345,-0.02159,1.52675,1.71332
3155,0.26623,-5.25212,0.55353,0.26879,0.10721,0.69267
3321,-0.24795,-5.91005,0.7006,0.55079,0.8996,1.36006
2123,0.32695,-5.19655,0.25194,0.00212,0.93003,1.34147
3890,0.02284,-5.88037,0.17714,-0.03852,0.71466,1.08721
5571,0.38881,-6.03153,0.51951,0.3018,0.1284,0.90655
3745,0.34459,-5.27839,0.38838,0.07616,1.3871,1.9261
1734,0.22994,-5.87129,0.25384,-0.05494,0.63869,1.6695
2880,0.46195,-5.74954,0.42704,0.17976,0.26553,0.7864
1192,-0.21467,-5.89089,0.27424,0.02403,1.44166,1.62572
3926,-0.06298,-5.55218,0.69946,0.6713,0.8515,0.99791
2593,0.19368,-5.3656,0.22542,-0.0825,0.96454,1.4755
5433,0.45133,-5.21606,0.39241,0.14774,1.21611,1.88063
2380,-0.01682,-5.22626,0.6503,0.45428,1.64941,1.91373
2394,0.04766,-5.16347,0.41603,0.15753,1.78023,2.14633
2581,0.21985,-5.08641,0.44825,0.15613,1.70981,2.0185
3146,-0.06956,-5.60834,0.45015,0.32164,0.12156,0.29292
914,0.40364,-5.70331,0.35379,0.06546,0.33766,0.82321
2863,0.26293,-4.65834,0.56674,0.32914,1.20758,1.62965
1039,0.14082,-5.61137,0.2045,-0.09019,0.87437,1.63031
3056,0.38256,-4.85401,0.36819,0.1002,0.99651,1.56015
5573,-0.45593,-5.81037,0.50343,0.20165,0.41896,0.89254
2452,-0.00305,-5.38022,0.19425,-0.08018,1.01569,1.36127
2133,-0.10902,-6.26712,0.40785,0.15565,0.32469,0.59151
1291,0.27989,-5.3347,0.73378,0.56882,0.83556,1.18458
1197,0.07408,-5.48382,0.17277,-0.08003,0.9735,1.37555
5420,-0.33913,-5.12775,0.43914,0.08277,1.30929,1.71225
660,0.65811,-5.13374,0.51571,0.31562,0.74068,1.30449
3144,-0.44009,-5.63675,0.57854,0.41153,0.53857,0.82321
3093,0.30664,-5.22793,0.35156,0.13277,1.56129,1.95107
3055,0.24944,-5.076,0.24413,0.05587,1.28475,1.60895
1390,-0.46344,-5.41666,0.27337,0.15121,0.86308,1.24866
2423,-0.28483,-6.06164,0.24925,0.02374,0.66351,1.06145
752,-0.08302,-6.13987,0.33578,0.0899,0.25334,0.7356
2328,0.19479,-5.09011,0.25953,0.00305,1.24393,1.73226
5423,-0.11238,-6.24293,0.28462,-0.04224,0.60552,1.12424
404,0.0026,-5.28197,0.2763,0.04091,1.47082,2.09129
3220,-0.15802,-4.80158,0.5131,0.27247,1.41949,2.00194
5451,0.63377,-5.07119,0.47709,0.24787,0.70927,1.38938
825,-0.38616,-5.45822,0.40957,0.09244,1.34776,1.87437
1660,0.22246,-5.35528,0.25292,-0.00849,1.4792,1.73149
2093,-0.00833,-5.47039,0.21242,-0.04047,1.30172,1.76427
2495,-0.15802,-5.35565,0.71248,0.55702,1.31538,1.5807
5523,0.56407,-5.16235,0.37363,0.09974,0.56961,1.25256
3912,0.60606,-5.05719,0.42892,0.12973,0.87064,1.41577
2401,-0.17328,-6.03124,0.56636,0.2493,0.16791,0.50515
2368,-0.32057,-5.92794,0.5231,0.32956,0.25888,0.61648
1578,0.57368,-4.90018,0.47734,0.3144,0.80182,1.31268
3075,0.36455,-5.3157,0.31113,0.05289,1.51883,1.63933
1159,0.54357,-5.60813,0.62584,0.44262,0.20412,1.26102
5379,0.10517,-5.32052,0.79587,0.59129,0.66351,1.05415
2451,0.4504,-5.08631,0.32735,0.11579,1.25489,1.54417
2636,-0.11691,-5.85911,0.16387,-0.02845,1.16029,1.49549
3800,-0.26043,-6.04954,0.22535,-0.00563,0.98227,1.34274
5456,0.45849,-5.90682,0.45188,0.25765,0.31133,0.59151
2077,-0.35853,-5.60321,0.33009,0.09669,1.40606,1.79607
5464,0.41497,-5.08035,0.69127,0.46472,1.03149,1.46036
3649,0.63114,-4.99469,0.44452,0.19754,0.77931,1.42318
3324,-0.32057,-6.29636,0.57709,0.43735,1.20063,1.57777
2749,0.09377,-5.64973,0.22043,-0.12311,0.37438,1.25178
2345,0.3955,-5.25655,0.44754,0.25296,1.72211,1.94919
472,-0.06956,-5.39942,0.25852,-0.00574,1.5763,1.91474
1815,0.6066,-4.95225,0.4714,0.28032,1.03407,1.29614
3916,0.05538,-5.00478,0.35038,0.02101,1.50688,2.06242
2419,-0.25964,-5.51453,0.62797,0.52919,1.52051,1.88227
3143,0.41313,-5.20558,0.50051,0.23829,0.20925,0.61773
741,-0.48678,-5.85608,0.69659,0.3187,0.73046,1.09621
2441,-0.41567,-5.27022,0.4342,0.09437,1.40002,1.76641
549,-0.47625,-5.86926,0.30157,0.08871,0.99087,1.15836
3076,0.14333,-4.98686,0.32432,0.06108,1.62835,1.92511
2848,-0.33161,-6.08369,0.35546,0.09784,0.38596,0.85926
3378,-0.12378,-5.52923,0.8938,0.46992,0.65973,0.98802
2053,0.57646,-5.72144,0.48548,0.26882,-0.04769,1.18639
2035,0.07555,-6.25615,0.31073,0.05597,0.22115,0.70381
3514,-0.09745,-4.97508,0.4028,0.05451,1.6938,1.94873
1318,-0.07212,-5.93851,0.33275,0.19263,1.68699,2.26918
3068,-0.12901,-6.13101,0.31142,0.10232,0.26858,0.61236
2309,0.14082,-5.20101,0.78415,0.61528,1.10938,1.31133
1614,0.00604,-5.34147,0.37732,0.22127,1.80182,2.33252
2428,0.31218,-4.84939,0.57411,0.41493,1.12633,2.16115
1656,0.15776,-5.38072,0.27603,0.03045,1.45356,2.26194
3905,0.64246,-4.92942,0.49348,0.28366,0.71466,1.38482
2081,0.0607,-5.26177,0.79655,0.60992,0.61236,1.19535
1167,-0.39041,-6.39876,0.37197,0.12228,0.87806,1.39051
3779,-0.17198,-6.34271,0.34129,-0.0225,0.47828,1.05415
3516,0.72222,-5.06208,0.59908,0.33236,0.81478,1.2833
4095,0.06408,-6.27027,0.44878,-0.03247,0.2833,0.65437
3569,0.65629,-5.69144,0.38777,0.11421,0.18639,1.32272
946,-0.21681,-5.7826,0.78398,0.46392,1.43149,1.68585
2998,0.08565,-5.53073,0.1295,-0.11092,0.98802,1.51925
408,0.15685,-5.19111,0.21706,0.03163,1.54969,1.93166
2190,0.26031,-4.97628,0.42505,0.1153,1.60206,2.13313
2392,-0.22841,-5.87787,0.22237,-0.1216,0.86688,1.31133
2947,-0.27165,-5.73884,0.17041,-0.04574,0.9735,1.34084
2727,-0.34582,-5.18845,0.5023,0.12874,1.67365,1.80813
1406,0.29403,-4.99084,0.22391,-0.04146,0.89254,1.30033
2519,0.18441,-5.21223,0.29105,0.06364,1.79829,1.9554
2105,-0.00043,-6.11925,0.33133,0.01318,0.22115,0.53046
3766,0.03782,-5.36897,0.47894,0.23086,2.07194,2.12871
577,-0.10073,-5.52619,0.33822,0.08142,1.75994,2.25489
3918,0.30038,-4.66724,0.54279,0.29517,1.3194,2.04322
2861,0.20439,-5.75246,0.42558,0.19919,-0.09745,0.20385
5419,0.53517,-5.45304,0.25729,-0.03641,0.93328,1.35763
5510,-0.3536,-5.43921,0.28141,0.01313,1.33638,1.70518
1883,0.716,-5.03801,0.55953,0.32699,0.55437,1.23915
2986,-0.19997,-6.16926,0.33221,0.16228,0.19089,0.60552
2927,-0.23657,-5.87062,0.21077,-0.10188,0.89076,1.53575
2446,0.5832,-5.04458,0.58367,0.43047,0.67541,0.91677
3356,0.32797,-5.7946,0.26244,-0.02445,0.38596,0.77466
1693,-0.15552,-6.22235,0.29134,-0.11633,0.66351,1.02102
3598,0.63959,-5.55675,0.47965,0.26691,0.22115,0.7839
559,-0.39362,-4.96901,0.291,0.16652,1.30033,1.53372
3893,0.56773,-4.73959,0.42252,0.23574,1.10503,1.55204
3512,0.68502,-4.91063,0.53771,0.32774,0.96755,1.47457
3899,-0.33068,-5.46727,0.27454,-0.07372,1.12005,1.64723
3436,0.55121,-4.73313,0.49982,0.16082,0.97644,1.60206
3901,-0.37366,-5.83804,0.25262,-0.03143,1.09174,1.63869
1148,0.16613,-4.949,0.72962,0.56474,1.1754,1.69323
3900,0.18583,-5.60118,0.22938,-0.02284,1.6847,1.93812
5572,0.53542,-5.9962,0.71642,0.49368,1.04922,1.30311
3119,-0.1209,-5.12662,0.22289,-0.12799,1.13252,1.55125
2913,0.716,-5.21423,0.33772,0.14469,1.28762,1.36006
2665,0.29798,-5.20788,0.19518,-0.0752,1.01837,1.48561
3257,0.48615,-4.83548,0.56869,0.34138,1.35395,1.80357
1646,-0.03245,-5.72909,0.34335,0.07166,1.99116,2.11067
1150,0.23249,-5.17232,0.25328,-0.06874,1.39501,1.78981
3914,-0.4908,-6.07949,0.39272,0.17612,1.32732,1.73585
223,-0.34008,-6.54645,0.41202,0.15731,1.35763,1.46514
2810,-0.04528,-5.90273,0.63339,0.49304,0.04297,0.38202
469,0.62552,-4.97112,0.62791,0.39894,0.59857,1.1882
3733,-0.25181,-6.6176,0.33593,0.08641,0.54654,1.10175
1213,-0.36856,-5.9867,0.7204,0.55269,1.09398,1.30587
2211,0.1452,-4.82577,0.63219,0.40649,1.83271,1.92544
2660,-0.03152,-5.71942,0.10319,-0.14659,0.8105,1.22778
1190,0.5302,-5.67724,0.32069,0.01901,0.25334,0.8554
3924,0.04727,-5.72139,0.22165,-0.2526,0.53046,1.0197
2371,0.67117,-4.73341,0.44673,0.26407,0.8105,1.25797
2589,-0.13966,-5.77448,0.23067,-0.1146,1.49237,1.74794
288,-0.28483,-5.26416,0.23764,-0.05797,1.33122,1.61439
1086,-0.4908,-6.09438,0.33284,0.00844,1.09398,1.35395
257,0.23325,-4.4349,0.51101,0.30162,1.45454,1.90758
2541,0.07954,-5.24384,0.22051,-0.05748,1.55398,1.95122
2230,-0.42251,-6.43218,0.41266,0.12194,0.68699,0.86688
3071,-0.02965,-4.38438,0.38144,0.14333,1.42213,1.85326
1574,-0.17198,-5.06989,0.32791,0.06344,1.76522,2.03304
3374,0.10653,-6.21141,0.59293,0.38607,-0.05552,0.3587
1586,-0.04287,-5.32536,0.19598,0.01435,1.73458,1.95694
2387,0.5867,-4.6543,0.45338,0.28464,1.11368,1.62308
692,0.11727,-5.36265,0.10241,-0.0894,0.76042,1.79607
3909,0.44295,-5.56254,0.22662,-0.15742,0.87064,1.26255
2232,0.77945,-4.91765,0.53646,0.3069,0.80618,1.75214
465,-0.51004,-6.41515,0.58235,0.19964,0.68699,1.14063
2924,-0.14813,-5.25721,0.36455,0.30674,2.03355,2.137
493,0.03981,-6.16923,0.25166,-0.03511,0.16791,0.68699
1701,0.2079,-6.27153,0.39291,0.02244,0.03663,0.53046
2069,-0.31785,-6.41131,0.65603,0.3817,1.4847,1.6847
3336,0.13098,-4.83564,0.52526,0.2897,1.96424,2.18412
4146,-0.05948,-5.34113,0.13332,-0.13239,1.21442,1.62933
3929,0.59868,-4.62921,0.60668,0.35039,0.92675,1.45551
5411,-0.10182,-5.83281,0.16032,-0.21086,0.71466,1.43355
4814,0.55847,-5.54786,0.59907,0.3405,0.13988,0.47188
1384,0.11959,-6.31354,0.81332,0.46866,1.49282,1.69154
133,-0.18111,-5.24068,0.51091,0.21096,1.97878,2.26011
974,-0.47237,-5.95547,0.43181,0.26646,0.23754,0.50515
2703,0.46075,-4.6233,0.58304,0.3483,1.35395,1.7609
2375,0.04297,-5.20937,0.81575,0.54772,1.55281,1.83149
1687,-0.33348,-6.14365,0.17672,0.01819,1.14464,1.51033
467,0.88812,-5.17131,0.63957,0.45103,0.94606,1.5763
2775,-0.34679,-5.3889,0.1923,-0.07247,1.12215,1.50035
3776,0.74367,-4.78349,0.45483,0.13628,0.61909,1.04423
2511,0.25334,-5.90208,0.20331,-0.08567,1.50775,1.80813
1125,-0.32606,-6.14186,0.15967,0.00438,0.7457,1.25797
108,-0.35754,-5.81941,0.33042,0.13887,0.10721,0.49638
2551,-0.24033,-6.02806,0.6543,0.6543,1.44914,1.80203
840,0.11494,-5.37811,0.76024,0.61536,1.70873,1.88391
1714,-0.47886,-5.81806,0.2933,-0.11783,1.03407,1.37321
2346,0.46642,-5.2639,0.27451,0.02811,1.57777,1.91962
1982,0.22634,-4.57911,0.61727,0.47878,1.40606,2.0407
3135,-0.13077,-5.8591,0.18248,-0.09976,1.53737,1.69239
2321,0.87737,-5.01945,0.54324,0.31752,0.50515,0.92345
2961,-0.24949,-4.93042,0.67346,0.44481,1.70873,1.94763
5485,-0.4023,-6.29306,0.53853,0.26077,0.25334,0.58433
2628,0.85169,-5.36476,0.49954,0.32952,0.23754,0.76997
3279,0.06633,-5.52464,0.1442,-0.17872,1.43149,1.61338
222,0.60097,-5.14698,0.42456,0.18134,1.75606,1.86385
2958,0.57415,-4.80527,0.35763,0.14796,1.456,1.56698
2790,0.54045,-4.65742,0.50685,0.27639,1.47457,1.6556
3494,0.01995,-6.15132,0.49958,0.05135,-0.04769,0.1486
2438,0.45439,-5.64218,0.15799,-0.09395,0.69827,1.26482
5417,0.91158,-4.97509,0.50332,0.25447,0.39724,1.20585
2442,-0.31966,-6.46513,0.24058,-0.00939,1.10065,1.37438
1636,0.1345,-6.27514,0.35278,0.19804,-0.11464,0.31133
3892,0.22167,-5.73944,0.31506,-0.1972,0.22115,0.59151
869,0.54617,-4.7268,0.47326,0.32519,1.28619,2.04322
2454,-0.04721,-5.95434,0.30004,0.15193,-0.19928,0.13322
4350,0.51441,-4.86585,0.36791,0.0257,1.49638,1.716
3174,-0.28819,-5.11092,0.1479,-0.07541,0.98516,1.3038
2948,-0.1549,-4.98645,0.29032,-0.03641,1.68813,2.00525
3284,0.01284,-6.40843,0.64984,0.51534,0.06145,0.70381
5526,0.52956,-4.69515,0.47458,0.23674,1.54258,1.86003
2213,0.66191,-5.0317,0.45088,0.22002,1.71305,1.79161
5542,0.15836,-5.01516,0.79189,0.57038,1.4727,1.90309
2040,-0.02091,-6.04647,0.44067,0.44067,-0.33068,0.0461
5479,0.44028,-4.9053,0.37935,0.11301,1.58288,2.13781
2476,0.24403,-5.02648,0.15532,-0.12682,1.15836,1.50079
1196,-0.25649,-5.6802,0.61475,0.45552,2.01435,2.21204
2736,0.6869,-5.14275,0.40592,0.13748,0.20003,0.70458
3301,0.44824,-4.52803,0.66451,0.45206,1.08948,1.55746
867,0.37218,-5.37654,0.70578,0.47354,0.17173,0.41731
2608,-0.04479,-6.06874,0.12413,-0.17043,1.19179,1.46941
5575,0.93852,-4.94098,0.39747,0.08071,0.92675,1.10721
3485,-0.05404,-5.20849,0.18694,-0.1,1.48424,2.05867
3134,-0.21254,-5.73564,0.14456,-0.2142,0.6695,1.12943
3287,0.82556,-4.67028,0.48224,0.19766,0.88536,1.52385
5474,-0.04144,-5.56734,0.1479,-0.31849,0.76522,1.26557
2677,-0.20691,-5.78744,0.27679,0.04244,-0.04769,0.33766
228,0.02284,-6.31752,0.15264,-0.16328,0.74068,1.09174
4157,0.35641,-5.33064,0.11884,-0.15013,0.8105,1.30172
2090,1.00668,-4.79932,0.51031,0.27685,0.93651,1.58143
2122,0.27669,-4.37182,0.48647,0.25538,1.57259,2.08149
3618,0.39811,-4.74379,0.60959,0.42875,1.70105,1.95509
3166,-0.19518,-6.03049,0.18679,-0.06402,0.32469,0.74068
2919,0.7614,-4.59268,0.52426,0.32753,0.60552,1.30792
3171,-0.21254,-4.7592,0.69096,0.547,1.53291,1.75752
121,0.17493,-4.76487,0.25825,-0.03115,1.68699,1.87511
2877,0.46479,-4.8562,0.31867,0.07889,1.46228,2.05733
5569,-0.20343,-5.8177,0.13693,-0.22461,1.04922,1.39501
1443,0.65244,-5.74635,0.44387,0.28099,0.06145,0.39724
4048,0.6504,-4.79367,0.70313,0.41815,0.62572,1.13659
1953,0.26316,-6.12259,0.65108,0.36327,-0.41567,0.44963
5473,0.57841,-4.58169,0.58409,0.34088,1.17909,1.90655
841,0.78376,-5.22539,0.23173,0.00143,0.76042,1.24075
473,-0.25649,-5.96879,0.1193,-0.14309,1.08264,1.49282
1704,-0.2652,-5.60982,0.05857,-0.1095,0.81902,0.98516
503,0.70372,-5.23895,0.65887,0.49174,1.50166,1.66891
2435,0.14176,-5.01347,0.34764,0.12429,2.0018,2.29367
2619,-0.13312,-4.69123,0.28859,0.04746,1.55976,2.18203
3864,0.04376,-5.62649,0.87567,0.6592,1.54812,1.70927
2316,0.58297,-4.26688,0.48719,0.21793,1.05903,1.46514
3511,0.20112,-5.58488,0.14265,-0.33011,0.86688,1.29894
2018,0.01199,-5.62653,0.04332,-0.23838,0.81902,1.20758
2099,-0.07988,-6.07907,0.67088,0.60736,0.10721,0.40824
179,0.67541,-5.95295,0.259,-0.02502,0.50515,0.85926
3588,0.16077,-5.13963,0.16913,-0.13513,1.60827,1.76259
5412,0.14333,-4.98399,0.23076,-0.12182,1.629,1.99497
2458,0.4283,-5.81037,0.25223,-0.13093,0.344,0.69688
3768,-0.08249,-5.73123,0.07861,-0.21021,0.97497,1.70845
3662,0.48487,-4.48316,0.5786,0.36788,1.39501,1.83819
3936,0.77034,-5.50141,0.54911,0.40814,0.18639,0.45939
2700,0.6082,-4.64041,0.49896,0.27178,1.51375,1.76283
2496,-0.31876,-6.45724,0.77676,0.47798,1.24234,1.56244
3853,0.48785,-5.33302,0.22437,-0.01096,1.59997,1.9603
351,0.08849,-4.45595,0.38116,0.09031,1.71893,2.16715
2586,0.93661,-4.83821,0.6269,0.46285,0.8996,1.10938
5559,-0.26122,-5.97486,0.88027,0.64194,0.63225,1.22365
3891,1.1365,-4.85218,0.45609,0.21354,0.56961,1.61775
1432,-0.29843,-5.57096,0.17188,-0.1931,1.23106,1.58794
218,-0.06148,-6.28544,0.54338,0.42326,-0.22403,0.0693
1120,-0.52724,-6.39778,0.27537,0.13922,0.53857,0.95847
3439,0.22115,-4.98445,0.37796,-0.01184,1.95138,2.17836
673,-0.52433,-5.97377,0.15202,0.02577,1.11793,1.43864
2632,0.2887,-6.09262,0.35903,0.17882,-0.31876,0.15927
680,-0.08938,-6.09502,0.09906,-0.16162,0.45939,1.03918
3011,0.2266,-4.99907,0.80652,0.64298,1.36609,1.69604
1046,-0.02549,-5.13012,0.18112,-0.12173,1.56358,2.0583
2528,-0.29499,-6.10392,0.20137,-0.17454,0.95999,1.79183
1679,-0.32148,-5.78606,0.24982,-0.08988,0.1486,0.65744
815,-0.18442,-5.64113,0.08205,-0.23771,1.0103,1.40497
2623,0.34025,-5.87586,0.7432,0.6034,0.25334,0.53046
2844,-0.13787,-6.87717,0.60898,0.32107,0.27416,0.43965
3003,0.45117,-4.25426,0.65687,0.42742,1.03149,1.57556
647,0.84942,-4.68104,0.42857,0.28104,1.22614,1.77513
3307,0.23019,-5.42795,0.13972,-0.21209,1.4216,1.63323
3292,-0.09583,-5.07977,0.24767,-0.05704,1.89004,2.05672
3405,0.18611,-4.75378,0.81871,0.56991,1.27156,1.82861
1819,0.30211,-5.41325,0.83137,0.69506,1.25334,1.72421
5450,0.61836,-4.77794,0.62088,0.39816,0.92012,2.23593
1419,0.65369,-4.66189,0.39165,0.14647,1.02102,2.08812
2830,-0.14267,-6.35598,0.29264,-0.05215,0.16791,0.51375
1204,0.51904,-6.30973,0.36155,0.19613,0.0103,0.56961
1122,1.06453,-4.60107,0.5035,0.25548,0.7839,1.27305
761,0.50623,-4.47556,0.45284,0.26727,1.60345,1.91101
2990,-0.34486,-6.32078,0.33043,-0.21351,0.68413,1.05046
2365,-0.00261,-6.31377,0.62383,0.46855,-0.23958,0.18639
3319,0.32366,-5.85909,0.51669,0.34919,2.23545,2.31444
3345,0.82988,-4.49342,0.52845,0.24636,0.74068,1.60655
1683,0.86046,-5.0278,0.53741,0.33687,0.20412,0.59151
3039,0.87668,-5.04919,0.45428,0.25819,0.22115,0.5605
2450,0.87904,-4.56347,0.47003,0.28285,1.07569,1.6617
1652,0.61109,-4.60546,0.35069,0.15696,1.37905,1.83067
130,0.54008,-4.41185,0.44095,0.2229,1.52881,1.79206
1114,0.40398,-5.84012,0.15845,-0.07315,0.44963,0.68124
2522,0.50893,-4.66462,0.59357,0.36594,1.75361,1.91945
555,0.11594,-6.19953,0.84908,0.55296,0.2833,0.61909
3256,0.24625,-5.38229,0.18592,-0.12237,1.77931,1.98487
2851,-0.21325,-6.51835,0.58677,0.43702,0.0103,0.37438
1440,1.06055,-4.82922,0.62053,0.41211,0.43965,1.3871
3717,-0.11238,-5.47877,0.11384,-0.17368,1.61134,1.77256
5512,0.5387,-4.28711,0.527,0.32733,1.27305,1.95586
3278,-0.19723,-5.82372,0.63871,0.57186,-0.11464,0.1486
1830,-0.17718,-4.97397,0.60308,0.43655,2.11175,2.19053
845,-0.16368,-5.87028,0.76978,0.50659,-0.04769,0.37438
2140,-0.284,-5.89216,0.12916,-0.25837,0.83149,1.2804
2812,1.02189,-4.59243,0.52972,0.33985,1.15057,1.48652
1590,-0.23882,-5.50899,0.16686,-0.1911,1.48561,1.84201
3954,0.91339,-4.56026,0.57997,0.34744,0.59857,1.4727
3153,-0.12668,-5.22318,0.08323,-0.22061,1.16602,1.50558
3132,-0.03668,-5.75184,0.00139,-0.22794,1.16979,1.31672
1533,0.60184,-4.94909,0.44245,0.28217,1.93134,1.99903
2797,0.91777,-4.68773,0.56251,0.34391,0.42943,0.94606
226,0.11327,-4.40396,0.46856,0.24436,1.78845,2.34475
820,-0.25571,-5.3264,0.91434,0.67245,1.21442,1.50079
1244,-0.06702,-5.50532,0.12126,-0.28859,1.35518,1.758
3029,-0.14026,-5.05152,0.82137,0.71589,1.30033,1.65066
3136,-0.45469,-6.36021,0.82559,0.45212,0.68413,1.29119
3658,1.11066,-4.59312,0.50895,0.3257,0.81478,1.02366
1306,-0.266,-6.10987,0.16303,-0.16912,0.48742,0.86308
2603,0.50406,-5.02738,0.13991,-0.10321,0.9735,1.39277
543,1.0235,-5.11195,0.34258,0.18356,0.33766,0.68699
1551,-0.23508,-5.28859,0.89646,0.73644,1.08493,1.46894
3488,0.93676,-5.01177,0.42046,0.1641,1.73201,1.77977
3866,0.7522,-5.36016,0.67204,0.38636,0.0103,0.62572
1112,0.15746,-5.81391,0.65037,0.48348,-0.62525,-0.35458
3340,0.27921,-6.26386,0.62046,0.36021,-0.35655,0.00689
603,0.54295,-6.04919,0.50742,0.37854,-0.07988,0.16791
2268,0.37088,-6.20521,0.57994,0.37568,-0.38091,0.29092
3103,-0.21112,-5.71563,0.10464,-0.16764,1.58794,1.73098
1733,0.4777,-4.5054,0.72338,0.52628,0.87064,1.5666
3917,-0.01189,-4.48576,0.48181,0.26164,2.02576,2.21408
1042,0.09482,-5.69024,-0.00346,-0.26074,1.23431,1.39836
2770,-0.1707,-4.21442,0.56027,0.42413,1.42943,2.25789
3941,-0.37572,-6.19571,0.17842,-0.11525,1.00208,1.7168
3648,0.75587,-4.79708,0.34343,0.05554,1.44467,1.75654
3139,-0.24185,-6.22309,0.1338,-0.06153,0.40824,0.7839
2922,0.455,-4.78555,0.33069,0.12627,1.73865,2.2062
401,-0.47756,-6.69903,0.37834,0.19294,0.45939,0.70381
3229,-0.1107,-6.00123,0.01212,-0.22748,0.7839,1.31672
5556,0.11361,-6.58746,0.39229,0.13062,-0.29843,0.17926
2056,-0.16431,-5.93912,0.17167,0.01826,0.08493,0.25334
2080,0.75136,-4.48456,0.50004,0.31885,1.35641,1.73046
1623,0.47407,-4.48362,0.67926,0.45113,1.39836,1.82028
3493,-0.08672,-5.38934,0.8704,0.62594,1.77138,1.91912
1851,0.25066,-5.92689,0.56888,0.48381,-0.89279,0.06145
1667,-0.38828,-5.95224,0.08301,-0.13347,1.10721,1.43457
1156,-0.20831,-4.43144,0.49851,0.27995,1.80269,2.27659
2799,0.84807,-5.39149,0.40636,0.17107,-0.10679,0.50705
3138,1.22084,-4.95327,0.44376,0.24087,0.35025,0.71466
829,0.81218,-4.99873,0.15779,0.02047,0.77931,1.23915
4701,0.85339,-4.45239,0.53955,0.30617,1.11368,1.87325
5507,-0.39577,-6.26921,0.21191,-0.07004,0.44963,0.82737
2894,0.93867,-4.9066,0.5049,0.34127,0.20412,0.57703
824,-0.16115,-5.58883,0.02735,-0.22238,1.18639,1.60345
5482,0.06221,-4.73074,0.43167,0.18284,2.10361,2.4036
1145,0.24601,-6.27107,0.12527,-0.16795,0.20412,1.50775
2453,0.18498,-5.93578,0.0324,-0.22509,0.45939,1.00484
1289,0.15746,-6.48904,0.5079,0.28217,-0.58004,-0.16685
2114,-0.10679,-6.13303,0.87695,0.70263,0.42943,0.8554
936,0.58081,-5.83286,0.64881,0.41008,-0.04191,0.15776
3130,-0.26761,-5.96068,0.02274,-0.18307,0.95231,1.26708
3352,0.56937,-4.08783,0.41426,0.12746,1.2178,1.66592
5428,0.14799,-5.92691,0.07335,-0.2365,1.22943,1.99342
2138,0.84535,-4.39209,0.52979,0.27379,1.07802,1.88789
2436,0.78362,-4.71125,0.6782,0.46522,1.39051,1.52218
5079,-0.04144,-6.42836,0.62291,0.47119,-0.25181,0.07335
3788,0.71609,-4.37,0.4673,0.20743,1.33122,1.81775
3247,0.16077,-4.44442,0.65702,0.47905,1.67069,2.30256
2424,-0.36151,-5.80718,0.2015,-0.05117,0.26623,0.3927
1552,-0.44249,-5.81944,0.1392,-0.13035,1.27453,1.68413
2460,0.0187,-6.25015,0.13052,-0.15278,0.22011,0.63869
2325,-0.12843,-6.29121,1.13973,0.53739,1.21611,1.35272
2780,0.20222,-4.8323,0.84518,0.70827,1.18276,1.72942
5255,0.03902,-5.50216,0.05124,-0.31349,1.19712,1.84181
2362,0.52556,-5.69356,0.15001,-0.17496,1.43482,1.65637
537,0.16286,-5.68603,0.88956,0.67353,0.08493,0.63225
3290,1.02955,-4.75704,0.3327,0.04672,0.53857,1.63996
3840,-0.22548,-7.03451,0.30654,0.08345,0.20656,0.62003
5429,0.3092,-4.83964,0.57634,0.24684,2.19286,2.30145
3489,0.82269,-4.30738,0.6242,0.42046,0.93972,1.51925
5497,-0.16877,-5.49381,0.15822,-0.24941,1.5632,2.073
2349,-0.37882,-6.36773,0.23911,-0.00128,0.22943,0.60552
5546,-0.21824,-5.6143,0.84822,0.65983,0.1486,0.57703
2890,0.36586,-4.31696,0.72124,0.50965,1.37905,1.71251
2860,0.18724,-5.88631,0.76143,0.65676,0.03342,0.16524
219,1.25679,-4.48695,0.39709,0.16189,0.79741,1.4727
2760,-0.06298,-5.46565,0.0825,-0.21333,0.25334,0.6695
5470,0.6807,-4.66386,0.70655,0.50278,0.38596,1.48287
1709,1.10527,-4.97279,0.41882,0.2168,0.20412,0.53857
1141,0.95453,-4.24028,0.39087,0.15482,0.8396,1.30311
1997,1.21344,-4.6103,0.42779,0.15899,1.23106,1.77977
2244,-0.32422,-5.49441,0.45949,0.26861,2.36127,2.41796
1546,0.29885,-5.55218,1.05487,0.77926,1.12424,1.3351
1235,0.40381,-4.99149,0.39977,0.13014,2.14424,2.27864
3105,0.72181,-4.78268,0.74908,0.59061,1.12633,1.44267
2606,0.37621,-4.06828,0.55124,0.34964,1.67424,2.12933
2327,-0.39147,-6.37977,0.68421,0.20894,-0.01773,0.39724
5453,-0.07727,-6.649,0.54922,0.4387,-0.29073,-0.00656
1157,1.00173,-4.65926,0.53757,0.27565,0.96755,2.23188
3280,-0.41005,-6.82626,0.55492,0.27216,0.1284,0.53046
3552,-0.17457,-5.63082,0.05408,-0.43919,0.96152,1.36668
1416,0.17696,-6.37579,0.1621,-0.10518,0.18639,0.53857
2825,-0.41229,-5.45281,0.81821,0.81821,1.10833,1.50645
999,1.06254,-4.94627,0.56465,0.33816,-0.11464,0.82321
973,0.72329,-4.35012,0.59046,0.30993,1.34651,1.95417
2530,0.26951,-4.70798,0.29876,0.04422,1.91169,2.28977
1385,0.55835,-4.02512,0.6396,0.44788,1.18458,1.71413
3888,0.46285,-5.77871,0.66914,0.38316,-0.75449,0.23955
2228,0.90875,-4.54613,0.47545,0.28908,1.48104,1.95478
3894,-0.16052,-6.52276,0.67285,0.43745,-0.12378,0.17114
2149,0.14426,-4.85591,0.14207,-0.16457,1.69154,1.90378
2984,0.66408,-4.46829,0.70805,0.50805,1.071,1.5163
3870,1.14392,-4.84344,0.31924,0.03799,0.42943,0.92675
2508,-0.28483,-5.27493,0.99768,0.66246,1.39724,1.46514
2973,0.1284,-6.64482,0.51668,0.38335,-0.58336,-0.19586
5480,-0.18709,-5.53886,0.05828,-0.29029,1.37438,1.67482
1655,-0.34872,-5.51484,0.08037,-0.19583,1.20758,1.82696
5467,0.14644,-5.62465,0.89557,0.69577,0.13862,0.47276
5439,0.83174,-5.57109,0.63,0.40202,-0.7167,0.65744
3480,1.29212,-4.78286,0.66436,0.4643,0.56205,0.96142
3351,0.65089,-4.96843,0.30867,-0.07297,1.59222,2.01247
297,0.34044,-5.97012,0.66994,0.50926,-0.49485,-0.01773
2691,-0.22768,-4.95143,0.9337,0.75691,1.06625,1.42736
3415,0.96199,-4.49842,0.41041,0.1455,1.42108,1.73509
1664,0.93867,-5.38085,0.2367,0.07362,0.1486,0.54654
2953,1.24309,-4.30573,0.53206,0.31846,1.04922,1.22614
2041,0.38148,-5.2313,0.81015,0.69068,0.1486,0.7356
2852,0.8236,-4.29122,0.63227,0.48314,1.09621,1.52218
2115,0.041,-6.69324,0.56171,0.31656,-0.55129,-0.29414
690,-0.38722,-6.6616,0.25866,0.0397,0.32469,0.50515
4556,1.20112,-4.43896,0.5046,0.29866,0.37438,1.11687
109,0.55871,-4.22971,0.38302,0.17739,1.67306,1.95509
2383,0.48615,-4.47898,0.74022,0.54138,1.35025,1.70709
2360,0.06819,-6.69736,0.48625,0.33778,-0.69897,-0.24565
2987,-0.13253,-6.38394,0.38553,0.38553,-0.89279,-0.19382
3611,-0.14086,-6.08011,0.35766,-0.43382,0.08493,0.54654
3369,-0.10347,-5.46801,0.03356,-0.33388,1.3351,1.69632
1676,1.02082,-4.4512,0.47626,0.28162,1.48832,1.72263
3664,0.29754,-5.34888,0.10791,-0.24799,1.60655,1.93052
2220,0.15594,-6.45071,0.58447,0.45386,-0.91009,-0.02182
2044,-0.21467,-5.45162,0.97693,0.67278,0.1284,0.80618
5540,0.02938,-5.30283,0.11439,-0.3611,1.62835,1.88518
3814,0.35813,-6.12155,0.24633,-0.12986,-0.20482,0.50974
1458,-0.24033,-5.68899,0.06943,-0.17629,1.73509,1.91237
809,0.49651,-6.27614,0.5582,0.34225,-0.59176,0.10721
3306,0.5164,-4.79086,0.28399,-0.02066,1.86308,2.03548
2037,0.87105,-4.89077,0.74035,0.54232,0.55437,0.79741
2110,0.66238,-4.39309,0.70871,0.55836,0.87437,1.27305
2352,-0.20135,-6.84455,0.49784,0.30948,-0.19382,-0.01773
5421,0.29403,-4.8239,0.53823,0.27316,2.29894,2.42611
3308,-0.16877,-6.52222,0.64711,0.25515,-0.49485,-0.29073
5563,1.33112,-5.13293,0.38314,0.17779,-0.10902,0.68931
907,0.55255,-4.78889,0.37302,0.13102,2.03304,2.19888
516,-0.1107,-5.9391,-0.02484,-0.34853,0.54654,1.10285
2993,0.50799,-4.18879,0.72623,0.50883,1.24709,1.65128
2193,0.18921,-4.56533,0.75538,0.63967,1.62638,2.13087
5565,0.11327,-6.37636,0.04599,-0.28811,0.49638,1.10829
3593,0.82027,-4.35413,0.64562,0.44706,1.22943,1.77138
1211,0.2266,-6.68215,0.51659,0.42469,-0.55909,-0.11748
214,-0.12378,-5.89977,-0.02701,-0.31053,1.27453,1.65988
5585,0.2079,-4.63552,0.26719,0.00525,1.91441,2.36152
3940,0.36736,-6.4371,0.56143,0.36453,-0.59176,-0.23958
3035,0.78003,-4.22133,0.51846,0.33831,1.55359,1.94669
111,-0.18776,-5.29946,0.03045,-0.17078,1.62043,1.99201
2564,0.05956,-6.06334,0.79261,0.28261,-0.89279,-0.59176
204,-0.17134,-5.67816,0.98819,0.88562,1.30724,1.79696
5304,1.1232,-4.10629,0.57121,0.39194,1.0289,1.35763
3241,1.09608,-4.28935,0.39066,0.10468,1.11368,1.65744
1129,-0.2233,-6.84091,0.51957,0.35166,-0.29073,-0.01773
5504,0.40909,-6.1037,0.06085,-0.2389,0.56538,0.88536
3644,0.72616,-5.98143,0.40699,0.21668,-0.52871,-0.11014
394,0.67916,-4.14278,0.54887,0.27743,1.56811,2.02576
1425,0.96497,-4.95234,0.21051,-0.10623,0.53046,1.01837
3722,0.28937,-6.38766,0.65154,0.33189,-0.7167,-0.41567
1073,0.32531,-6.53842,0.51802,0.36236,-0.7167,-0.29073
3167,-0.47496,-6.30535,0.19249,-0.03386,0.26858,0.58794
1588,0.15655,-6.08551,0.70302,0.57091,-0.7167,-0.41567
2929,0.77195,-4.07297,0.66045,0.46311,1.1486,1.63096
5469,0.32181,-6.15553,0.7361,0.63662,-0.01773,0.17725
3765,1.40293,-4.30979,0.48689,0.26059,0.97644,1.86079
2988,0.78923,-5.44872,0.70412,0.4921,-0.59176,0.6695
2142,0.02572,-6.29128,0.77641,0.6982,0.05346,0.3145
676,0.62315,-4.37813,0.72479,0.49067,1.26557,1.89111
3481,1.34118,-4.24648,0.58748,0.34377,0.57703,1.61032
1097,0.0141,-6.79324,0.45055,0.33091,-1.06048,-0.10018
5465,-0.19179,-6.45939,0.1482,-0.12622,0.1383,0.59151
5486,0.97058,-4.03226,0.5203,0.25204,1.1754,1.93812
1993,0.22866,-5.60588,-0.05751,-0.39343,1.3194,1.48379
2977,0.26458,-6.28115,0.71757,0.47668,-0.59176,-0.23958
4745,0.17173,-5.02165,0.7136,0.45264,2.39215,2.41412
5530,0.73997,-5.48695,0.16779,-0.16671,0.42455,0.69504
1153,-0.4698,-6.41399,0.16438,-0.11502,0.40824,0.9554
5567,1.34032,-4.34847,0.62947,0.35957,0.49638,1.10503
3491,1.48022,-4.19614,0.46743,0.14603,0.65128,1.14464
2083,1.6572,-4.07517,0.52923,0.32333,0.87806,1.18093
1085,1.48222,-4.22955,0.34311,0.18882,0.76042,1.2833
3255,1.0743,-4.77513,0.25312,-0.08023,1.30449,1.54258
717,-0.42022,-6.26434,0.01124,-0.13324,1.03918,1.57036
110,-0.32057,-5.50938,0.58003,0.28694,2.48624,2.63348
5501,0.055,-7.00798,0.47371,0.30646,-0.59176,-0.41567
2357,0.30471,-6.45842,0.62974,0.46354,-0.63451,-0.37263
1152,-0.54516,-5.47993,0.43338,0.1571,2.20706,2.43914
2537,1.40776,-4.70599,0.35702,0.08195,0.47828,0.68124
3067,1.27119,-4.08751,0.54367,0.3432,0.91677,1.82592
5305,-0.03716,-5.41851,-0.09545,-0.42294,1.37905,1.49947
2649,0.13194,-6.75102,0.47293,0.30533,-0.89279,-0.59176
3740,-0.25337,-5.86863,0.09146,-0.24708,1.76042,1.98831
5489,0.97479,-4.2931,0.56019,0.28594,1.35763,2.14761
105,1.07397,-5.27833,0.19021,-0.02925,0.25334,0.71466
2793,0.60423,-4.81549,0.80111,0.62676,0.36248,0.84361
1102,0.21272,-6.51481,0.54651,0.39245,-1.10237,-0.72816
1712,0.49108,-4.58753,0.58029,0.40098,1.8135,2.48805
1025,1.21147,-5.13472,0.32174,0.11927,-0.04769,0.41896
3642,0.59879,-6.1192,0.6067,0.44367,-0.59176,-0.15243
3815,0.36568,-5.86016,0.07661,-0.35638,0.2833,0.83149
3115,1.04513,-4.58589,0.71228,0.52655,0.60552,1.65621
5466,-0.1343,-5.59169,-0.09477,-0.57775,0.75557,1.21187
1439,-0.27246,-5.97409,0.00811,-0.30196,0.33766,0.92012
2207,-0.31158,-6.50704,0.19328,-0.12066,0.23754,0.50515
4039,0.7364,-4.08072,0.67864,0.45099,1.35272,1.7695
2447,-0.25806,-5.46291,-0.03458,-0.25844,1.51967,1.80813
249,1.53934,-3.82314,0.54022,0.35522,0.82321,1.45551
211,-0.29499,-5.81866,0.27905,-0.00481,2.30929,2.46648
1601,0.33021,-4.68258,0.97695,0.72537,0.9429,1.68585
2163,-0.05899,-6.35483,0.69126,0.55572,-0.64016,-0.40782
2788,0.10483,-6.13118,0.80921,0.64095,-0.31876,-0.05948
1606,0.89326,-4.2074,0.47637,0.27872,1.72735,1.94732
3100,0.09342,-5.25845,-0.12137,-0.415,1.2833,1.6556
451,1.22848,-4.67247,0.22213,-0.01714,0.48742,1.18093
1653,-0.15181,-5.6202,-0.05935,-0.39096,1.35149,1.79829
138,-0.14146,-6.86572,0.51925,0.38056,-0.66154,-0.50169
2320,0.90037,-5.74789,0.58454,0.39585,-0.60555,-0.2161
3634,0.51904,-4.3739,0.6043,0.31262,2.05268,2.15244
3088,-0.27165,-5.912,-0.0141,-0.23288,0.29754,0.71466
3269,0.79043,-4.7632,0.85467,0.61767,0.63869,1.14264
1579,0.51162,-4.73521,0.83386,0.66099,1.40278,1.86612
3875,0.44747,-5.96644,0.05746,-0.29541,0.23754,0.92345
2641,-0.37469,-5.53833,0.1262,-0.15004,0.06145,0.36248
1609,1.76553,-4.32845,0.4895,0.30786,0.16791,1.10285
1221,0.0013,-6.18496,0.00097,-0.3532,0.33766,0.7839
659,0.01242,-5.11892,-0.01005,-0.33875,1.52218,2.00894
2523,0.13767,-6.01308,0.84181,0.60904,-0.50585,-0.16749
1760,0.56644,-5.92401,0.6877,0.51487,-0.49485,-0.23958
1481,-0.07676,-6.7345,0.3416,-0.07515,-0.41567,0.1486
3408,1.10473,-3.97101,0.57438,0.36079,1.34147,1.7676
2353,0.11561,-6.39017,0.75898,0.61784,-0.38934,0.00346
5478,0.47114,-4.93069,0.44018,0.22228,2.4196,2.4727
3895,-0.21896,-6.90688,0.61732,0.42491,-0.41567,-0.11464
2821,0.11327,-7.02329,0.54468,0.39025,-0.81816,-0.40671
5499,0.12646,-6.0882,0.81726,0.64448,-0.36452,-0.20482
5461,0.03663,-6.30705,0.79412,0.69962,-0.11464,0.1486
2996,-0.37986,-5.30224,0.05159,-0.31815,1.34526,1.70627
3330,0.82924,-4.3292,0.72459,0.44696,1.5129,1.79206
2103,0.09307,-6.26518,0.82318,0.57175,-0.59176,0.0103
3811,0.37676,-5.46275,0.06177,-0.42055,0.38596,0.7356
4744,-0.04001,-6.84185,0.51828,0.36483,-0.89279,-0.89279
4312,0.9431,-5.38665,0.13267,-0.19546,0.31133,0.9554
3294,0.22917,-5.3154,0.99095,0.69798,0.02366,0.37822
2513,-0.10791,-5.86422,0.05137,-0.09433,-0.34872,0.1486
5487,-0.2815,-6.11006,-0.07259,-0.36724,0.70381,1.08379
3528,-0.383,-6.26011,0.17099,-0.01945,1.9993,2.18029
2889,0.77247,-4.18705,0.69886,0.50767,1.31404,1.88026
3131,0.16702,-5.19686,-0.18951,-0.49251,0.97644,1.68441
3297,0.38561,-6.0905,0.6984,0.49045,-1.01773,-0.56543
2201,0.10072,-6.50565,0.69753,0.51698,-0.88941,-0.42022
2512,0.33062,-6.49681,0.6543,0.41442,-0.95078,-0.44491
1541,1.55125,-3.85871,0.59947,0.42536,1.02366,1.41896
2317,0.7605,-6.10169,0.27938,0.08936,-0.34872,-0.04769
2611,1.50907,-4.55995,0.67212,0.43746,0.03663,1.08679
2205,-0.06702,-5.90179,0.84018,0.73444,-0.23958,0.06145
2748,0.02284,-7.13344,0.55997,0.41803,-0.7167,-0.41567
3087,1.15433,-5.13074,0.49847,0.25167,-0.49485,0.06145
2043,-0.12552,-6.99684,0.34716,0.17552,-0.7167,-0.29073
1711,1.28838,-4.62119,0.71929,0.53645,0.65128,0.77466
2067,1.25765,-4.04579,0.6604,0.50162,0.8396,1.48923
3178,1.1564,-4.00288,0.70166,0.45238,0.78845,1.60136
5528,0.29732,-5.89302,0.81123,0.63251,-0.64975,-0.06803
3860,0.64768,-4.16411,0.78268,0.60885,1.12005,1.49814
2061,0.34104,-4.23732,0.69853,0.53833,1.86423,2.24218
3227,1.23111,-3.99147,0.53069,0.31671,1.31672,2.06193
1009,-0.15802,-4.97632,0.2824,0.02426,2.44035,2.55227
1468,0.52375,-4.48175,0.87244,0.66381,1.02102,1.70873
2431,1.55617,-4.7342,0.45132,0.26862,-0.07988,0.44342
1635,0.06595,-6.76999,0.66608,0.57656,-0.49485,-0.29073
2892,0.20412,-6.98937,0.53436,0.36724,-0.98297,-0.54061
1359,0.09552,-6.18293,0.78271,0.54076,-0.97062,-0.58838
3868,-0.1707,-6.82574,0.46368,0.24673,-0.89279,-0.89279
2966,-0.11126,-6.73133,0.31057,0.08899,-0.86646,-0.50585
540,-0.11976,-6.48046,-0.01889,-0.36133,1.25334,1.50515
3728,0.12123,-6.95707,0.60789,0.50278,-0.77469,-0.27084
1662,-0.20204,-6.85407,0.42012,0.14911,-1.1549,-0.37779
2800,-0.1549,-6.35866,0.74463,0.59868,-0.49485,-0.34872
3737,0.39146,-6.01933,0.70398,0.54042,-1.09691,-0.49485
3379,0.21643,-6.39043,0.77969,0.56431,-0.54061,-0.2161
1741,0.07151,-6.52227,0.67847,0.58962,-1.16115,-0.23807
1736,0.10585,-7.09097,0.52065,0.35645,-0.89279,-0.89279
5459,-0.06651,-7.27283,0.51998,0.25885,-0.89279,-0.47366
1298,-0.49214,-6.96308,0.2187,-0.00402,0.22115,0.59151
3545,0.1245,-5.79411,0.98869,0.736,-0.20551,0.15806
2978,0.5832,-6.3062,0.5999,0.39726,-1.05552,-0.4437
2381,-0.27246,-6.30474,-0.03025,-0.16814,0.21139,0.61236
2265,0.04571,-6.81597,0.67043,0.58812,-0.59176,-0.34104
2145,-0.15989,-6.72181,0.66944,0.54115,-0.7167,-0.11464
1096,-0.04818,-7.28279,0.33692,0.21633,-0.7167,-0.49485
5491,0.05805,-7.16087,0.52797,0.34277,-1.14267,-0.84164
2728,0.40976,-5.04717,0.91607,0.66934,0.15259,0.30728
5548,0.77452,-4.81672,0.30639,-0.02941,1.9284,2.27364
678,0.79071,-3.60077,0.71865,0.47904,1.31268,1.73149
2485,-0.06349,-7.27667,0.43286,0.28246,-0.89279,-0.75449
575,0.43933,-6.3718,0.66387,0.5665,-0.56864,-0.38405
2995,0.31723,-6.27833,0.72195,0.60499,-0.98297,-0.15243
2504,0.14333,-6.37453,0.64775,0.64775,-0.89279,-0.89279
927,-0.22768,-6.20027,-0.18988,-0.44178,0.96152,1.44666
836,-0.24109,-7.06597,0.53042,0.45621,-0.59176,-0.49485
2393,0.62449,-5.30062,0.07926,-0.2686,0.25334,0.71046
3248,-0.13253,-5.96891,1.25677,0.78641,1.77279,1.92511
2917,-0.28651,-6.27854,-0.14951,-0.34355,0.59857,1.07452
3448,0.33965,-4.13906,0.40559,0.06341,1.98458,2.52013
3640,0.02202,-6.90287,0.30767,0.08233,-1.09691,-0.64207
2068,0.89708,-6.12831,0.58597,0.40807,-1.03621,-0.22841
2975,0.0013,-6.24393,0.77767,0.60189,-1.14267,-0.61979
3349,0.3638,-6.54817,0.6657,0.5356,-0.7167,-0.41567
114,-0.14146,-5.68148,0.01165,-0.276,1.47176,2.58121
3335,-0.1343,-6.16511,0.9299,0.64947,-0.21183,0.0983
5447,0.58872,-5.02329,0.06021,-0.4038,1.07802,1.74744
3663,0.65157,-4.49438,0.51315,0.2283,2.21187,2.31051
1625,1.43605,-3.93525,0.66762,0.52596,1.00208,1.20758
3567,0.07445,-4.62204,0.47223,0.18344,2.68303,2.77051
2167,0.29754,-6.17153,0.72985,0.58975,-0.89279,-0.89279
1404,-0.24949,-6.79833,0.73512,0.59097,-0.15243,0.1486
2828,-0.06956,-6.44516,0.81124,0.59721,-0.61979,-0.23582
2434,-0.25727,-6.85022,0.63347,0.07093,-0.7167,-0.49485
3113,0.49346,-5.38714,0.80171,0.6635,-0.33348,-0.01055
486,0.03663,-7.05133,0.67243,0.44346,-0.89279,-0.49485
2680,-0.04287,-5.58917,-0.36892,-0.51957,0.40603,0.73046
3128,1.09377,-3.96891,0.70623,0.56523,1.15057,1.50775
685,-0.01954,-5.91921,-0.40866,-0.73814,1.19535,1.86041
3338,0.04336,-7.1903,0.44357,0.27681,-1.39794,-0.96658
2891,0.94022,-3.99202,0.72987,0.53259,1.20585,1.78345
799,-0.00305,-7.19888,0.39228,0.15381,-1.284,-0.76195
3127,-0.32057,-5.72568,-0.28047,-0.67517,0.78845,1.11687
2849,-0.19111,-6.56977,0.97146,0.16558,-0.35952,0.10072
5212,0.18921,-6.13393,0.80381,0.71137,-0.59176,-0.41567
3160,-0.06048,-6.18495,1.1178,0.88701,0.38596,0.48742
2287,0.28126,-4.41929,0.4693,0.32089,2.39187,2.66463
4368,1.74994,-3.6569,0.36469,-0.0112,0.92345,1.56205
229,-0.17134,-6.86647,0.68478,0.54003,-0.59176,-0.34872
3286,-0.14327,-5.85452,0.97196,0.97196,0.08493,0.37438
3114,-0.16558,-6.94935,0.71001,0.59053,-0.29073,-0.04769
3867,0.46434,-5.80995,0.81929,0.65664,-0.52433,-0.02733
4955,0.54283,-6.23601,0.73805,0.47285,-1.01773,-0.33348
3121,-0.04431,-6.04959,0.92581,0.69275,-0.51713,-0.10127
2671,-0.42136,-6.07889,-0.15136,-0.37609,0.97053,1.4977
2155,0.13322,-6.03877,0.95684,0.70377,-0.37882,-0.14997
2583,0.65562,-5.74337,0.68749,0.56748,-0.89279,-0.59176
5529,0.44342,-6.20083,0.78124,0.62105,-0.59176,0.00647
1989,0.436,-4.13684,0.3838,0.15374,2.13537,2.43528
1051,-0.2321,-7.12011,0.37053,0.13877,-0.89279,-0.49485
1518,0.50215,-5.87888,0.9105,0.59328,-0.41567,0.03663
2536,-0.42022,-6.61475,0.40696,0.13887,-0.89279,-0.89279
1461,-0.20343,-6.42201,0.80455,0.59785,-0.52143,-0.3363
2897,0.46835,-5.10076,-0.12613,-0.43623,1.25797,1.44765
2701,-0.16685,-6.77099,0.6616,0.6616,-0.49485,-0.19654
2202,-0.23657,-6.16046,-0.30727,-0.622,0.95847,1.23106
3774,-0.07988,-7.27462,0.41825,0.11026,-1.284,-0.65956
1308,0.20439,-7.02529,0.564,0.4914,-1.23657,-0.66756
3245,1.1068,-3.58208,0.65196,0.43068,1.53453,1.88681
3110,0.55859,-4.41349,0.89928,0.79344,0.69267,1.00758
2529,-0.16115,-6.78593,0.5364,-0.12774,-0.7167,-0.59176
1747,-0.02919,-6.21984,1.38475,0.80138,0.38435,0.46776
3606,0.53161,-5.62603,0.88455,0.69903,-0.2161,0.26102
1659,-0.12784,-6.39313,0.9038,0.54376,-0.7167,-0.11464
2533,0.95027,-3.69406,0.68407,0.5227,1.41471,1.87101
2283,-0.14267,-5.67585,1.0652,1.0652,0.2833,0.35025
444,1.22003,-5.82302,0.35149,0.11388,-0.89279,-0.59176
3057,1.51006,-3.1075,0.72069,0.40825,1.12633,1.54258
5080,0.60184,-5.67292,-0.10262,-0.60108,0.8396,0.97937
2049,0.09272,-6.43168,0.76377,0.61582,-0.89279,-0.89279
3751,0.29732,-6.21516,0.76555,0.70529,-0.75449,-0.27165
5483,0.12189,-6.37909,0.0186,-0.35212,0.11793,0.40824
2901,-0.22988,-6.10597,-0.57741,-1.02562,0.9993,1.45356
2846,-0.011,-6.89009,0.63941,0.46061,-1.39794,-1.19382
3477,-0.15739,-6.33527,0.95111,0.68836,-0.08566,0.16465
185,-0.13727,-7.29279,0.59991,0.29748,-1.25181,-0.87943
942,-0.54061,-6.07577,1.06742,0.72313,0.41896,0.69827
2329,1.60633,-3.41887,0.68375,0.53454,0.86688,1.34526
551,0.56455,-5.99372,0.73652,0.58792,-0.9393,-0.60206
909,-0.39254,-6.64158,0.83057,0.2194,-0.49485,-0.07988
547,0.43008,-6.25905,0.76506,0.66689,-0.59176,-0.29073
3028,0.01199,-6.53516,-0.03071,-0.38879,0.19005,0.63195
2514,1.25892,-5.47229,0.63046,0.45515,-0.95078,-0.69897
2276,-0.06854,-4.54227,0.05389,-0.31118,1.76163,2.07604
3242,0.42959,-5.28197,-0.12331,-0.71575,0.42943,0.93328
3782,-0.20482,-7.42758,0.49808,0.27092,-1.19382,-0.79588
1663,1.27884,-3.77015,0.73458,0.56952,1.02629,1.55592
2896,0.88857,-6.10957,0.2517,0.02229,-0.84164,-0.34104
4776,0.6621,-5.75352,0.79975,0.59624,-0.7167,-0.34872
2776,-0.26922,-6.67532,0.81142,0.81142,0.18639,0.2907
1968,-0.05849,-6.58243,0.93385,0.55503,-0.59176,-0.15243
3791,0.32675,-5.78045,0.92556,0.62201,-0.95078,-0.47366
3215,0.81164,-5.86075,0.75749,0.53999,-0.89279,-0.19382
3410,1.00574,-6.18992,0.48582,0.30051,-1.25181,-0.93554
3156,-0.25337,-5.01104,0.19277,-0.15551,2.29536,2.47712
3441,0.06521,-6.91151,0.70996,0.57095,-1.01773,-0.61979
2798,1.37563,-3.63584,0.69806,0.58324,0.9554,1.69154
3770,0.44886,-5.98083,0.84453,0.71925,-0.38091,-0.2644
2964,-0.02319,-7.22646,0.60596,0.54249,-1.09691,-0.69897
2372,-0.31336,-6.98613,0.4904,0.4904,-1.14267,-0.59176
526,-0.30627,-6.21718,-0.04959,-0.60193,0.39724,0.81902
3939,0.26811,-6.02323,0.02593,-0.30311,-0.23958,0.23477
3066,0.09552,-6.49046,0.73477,0.70401,-1.05552,-0.75449
3173,0.8014,-5.53106,0.72834,0.5499,-1.05552,-0.68194
3038,0.13033,-6.09951,0.91322,0.81934,-0.55284,-0.33348
3042,0.82885,-4.15443,0.63491,0.42053,2.00069,2.25996
254,0.12024,-5.89196,0.99895,0.75482,-0.7167,-0.41567
2711,-0.04287,-5.26663,-0.07575,-0.46728,1.94227,2.09644
2918,0.33526,-6.21349,0.82177,0.70282,-0.59176,-0.34872
2614,0.77041,-5.54348,0.76978,0.52643,-1.05552,-0.52871
2132,-0.05948,-7.25729,0.56135,0.43334,-1.58503,-1.04576
816,-0.4828,-5.5081,-0.02396,-0.58296,1.37672,1.95877
2384,-0.2636,-6.9315,0.2447,0.05661,-0.89279,-0.7167
2945,0.12969,-6.02749,-0.15728,-0.50973,-0.04769,0.53046
2994,1.159,-3.97036,0.79623,0.57255,1.18639,1.68642
788,0.13513,-6.84473,0.17862,-0.03736,-1.04096,-0.51856
5547,0.22531,-5.68316,1.18954,0.76844,-0.29073,-0.04769
2814,-0.11464,-6.69723,0.72196,0.53156,-1.19382,-1.19382
2326,-0.21681,-6.31376,0.71073,0.64156,-1.49485,-1.05552
3073,-0.17522,-7.01023,0.56323,0.43085,-1.55284,-1.25181
2395,-0.17005,-7.20508,0.54048,0.52079,-1.19382,-0.89279
2126,0.36511,-6.40864,0.81736,0.60848,-0.78252,-0.39686
2879,-0.1945,-7.28776,0.53658,0.53658,-1.09691,-0.75449
3919,-0.24489,-7.27394,0.331,0.30385,-1.31876,-0.87943
2502,0.15806,-6.18706,0.90735,0.78541,-0.69897,-0.29073
2823,-0.32057,-7.52876,0.4305,0.2677,-1.19382,-0.75449
3282,-0.01412,-6.80692,0.69409,0.56253,-1.46852,-1.10791
1288,0.81644,-4.4405,0.62255,0.48432,2.00097,2.50323
1223,-0.09909,-6.74691,0.19484,-0.25712,-0.46725,-0.01144
2117,-0.03292,-6.23915,0.90048,0.90048,-0.41567,-0.19382
3930,1.03019,-3.92717,0.78462,0.52491,0.93003,2.23738
1492,-0.27491,-5.99342,-0.18469,-0.60721,0.22115,0.61236
2801,-0.30803,-7.43408,0.44931,0.44931,-1.19382,-0.59176
2855,0.97896,-3.9504,0.81337,0.66717,1.12005,1.62835
3359,0.405,-6.24695,0.90027,0.58925,-0.75449,-0.46344
298,1.34335,-5.20163,0.68642,0.494,-0.95468,-0.34199
5537,-0.065,-6.501,0.89145,0.69799,-0.59176,-0.34872
734,-0.04866,-6.05415,1.04536,0.9503,-0.34872,0.25334
2330,0.69073,-5.74458,0.82494,0.62494,-1.05552,-0.09474
5206,0.41531,-5.58337,0.88202,0.74044,-0.75449,-0.51713
3668,0.32777,-5.5319,0.9566,0.66425,-1.11919,-0.75449
3736,1.04198,-5.29611,0.73819,0.5431,-1.09691,-0.25181
148,0.14737,-5.67808,0.10413,-0.19278,2.62222,2.65707
143,1.67732,-3.53436,0.77891,0.53486,0.82737,1.706
2585,-0.22695,-7.06045,0.1483,-0.07177,-0.34872,-0.07988
2112,-0.24109,-4.6885,0.08617,-0.28788,1.91542,2.31833
5498,-0.14752,-6.8015,0.79414,0.71615,-0.56384,-0.11407
1665,0.29994,-5.95487,0.89552,0.71375,-1.19382,-0.7167
3043,-0.29671,-7.43106,0.44813,0.09229,-1.25181,-0.98297
4327,0.52362,-6.40601,0.70975,0.56806,-1.19382,-0.89279
3323,0.07591,-6.27463,0.86901,0.86901,-0.75449,-0.34872
1634,0.256,-5.40177,1.14804,0.94373,-0.11464,0.1486
1154,0.21299,-5.92023,0.90499,0.8262,-0.98297,-0.71444
906,0.38039,-6.23504,0.87633,0.70681,-0.6517,-0.40012
480,0.28892,-5.93822,0.85384,0.6137,-1.72125,-1.17393
3502,0.32056,-6.15627,0.90765,0.76505,-0.68194,-0.38091
2377,0.46776,-5.59154,0.95086,0.74796,-0.5784,-0.30452
1566,-0.29843,-6.54211,0.70301,0.57519,-1.50864,-1.13077
512,0.03941,-6.36944,0.78298,0.78298,-1.4437,-0.73755
1974,0.74749,-5.12331,-0.17459,-0.45278,0.60552,0.85926
2151,2.02145,-4.17643,0.77753,0.53963,0.0103,1.2833
1128,-0.46344,-7.57503,0.50038,0.38161,-0.80134,-0.53018
5503,-0.30103,-5.78993,-0.05798,-0.45368,1.8552,2.3011
2952,0.56879,-5.6103,0.90565,0.70526,-0.73518,-0.16749
3094,0.07188,-5.97404,1.07992,0.88181,-0.49485,-0.36452
3530,0.08743,-6.08529,-0.11234,-0.43054,-0.29073,0.20412
2463,-0.23062,-6.8001,0.20264,0.01949,-1.19382,-1.19382
4251,-0.42946,-6.27432,-0.38504,-0.74975,0.69267,1.12529
2831,1.63776,-3.17934,0.58321,0.13639,1.81986,2.17651
1694,0.26788,-6.19368,1.01864,0.67202,-0.77728,-0.41117
207,0.01072,-6.39342,0.83748,0.66618,-1.37675,-1.07058
2206,0.14364,-6.50095,0.94739,0.76773,-0.6925,-0.2204
3523,1.33381,-3.38815,0.74918,0.54879,1.55125,1.77138
1637,-0.24565,-6.44545,1.66587,0.90577,0.18639,0.67541
3910,-0.02965,-7.2184,0.20829,-0.00462,-1.25181,-1.05552
2312,0.17754,-6.24065,0.99598,0.73735,-0.95078,-0.56543
5536,-0.23508,-7.48017,0.55689,0.27897,-1.79588,-1.31876
2448,-0.12205,-6.11553,1.01991,0.98548,-0.35655,-0.11464
3078,0.21245,-5.77781,1.10691,0.767,-0.95078,-0.64975
4660,0.63094,-5.35891,0.98444,0.76338,-0.2161,0.06744
2487,0.16107,-6.22905,1.04055,0.7209,-0.89279,-0.47366
2693,-0.13312,-7.02933,0.88793,0.49729,-0.78516,-0.72584
830,0.34577,-6.18464,0.87666,0.66976,-1.22185,-0.88273
2125,0.97011,-5.3414,0.78238,0.61303,-0.90309,-0.6517
3118,0.07335,-6.56847,0.88726,0.7242,-0.86646,-0.63451
1553,1.03177,-4.96178,0.82891,0.61383,-0.29073,-0.01773
5561,0.86876,-6.34815,0.26745,0.04203,-1.49485,-0.98297
5564,0.44809,-5.75884,0.96034,0.73871,-1.25181,-0.34872
1076,0.43249,-5.95202,0.88373,0.71319,-1.25964,-0.79317
4871,0.09272,-6.81198,0.84549,0.70786,-0.89279,-0.41567
3152,1.1407,-4.91105,0.78098,0.56274,-0.89279,0.25358
2152,-0.13018,-6.43544,-0.54057,-0.85574,0.35025,0.64503
2834,0.80284,-5.52446,0.85571,0.70088,-0.79588,-0.16749
2273,0.97685,-5.54681,0.79435,0.63411,-1.01773,-0.64975
3037,-0.13253,-6.89637,0.68204,0.56198,-1.74473,-1.31876
2156,1.21932,-3.76997,0.63236,0.51399,1.96394,2.18874
3458,0.93867,-4.4313,0.52662,0.34506,2.13476,2.82855
856,-0.1152,-7.13031,0.10544,-0.1027,-0.89279,-0.04769
2850,-0.29757,-6.58393,-0.03438,-0.29327,-0.04769,0.35025
2597,-0.05404,-6.97081,0.81042,0.68624,-0.86646,-0.59176
1453,0.86368,-5.9265,0.82449,0.65557,-0.7167,-0.7167
5471,0.39164,-4.92708,1.13764,0.85293,-0.08938,0.24502
3266,0.14051,-6.57037,0.92372,0.82225,-0.84164,-0.21467
2933,0.83181,-5.42788,0.84428,0.68958,-0.7167,-0.49485
3333,-0.28567,-7.41262,0.56651,0.47228,-1.69897,-1.284
3904,-0.2636,-7.05548,0.65307,0.48752,-1.79588,-1.4437
3735,0.61899,-5.38021,0.99602,0.82205,-0.49485,0.11428
3510,0.01494,-6.99559,0.87164,0.66746,-0.86012,-0.57512
5568,1.1247,-4.39252,0.89018,0.69907,0.25334,0.71466
5560,-0.12726,-6.62671,0.86774,0.86774,-0.73518,-0.3098
568,0.15534,-6.05701,1.04304,0.80383,-1.23657,-0.92445
432,0.12581,-6.14927,0.87279,0.69104,-1.85387,-1.46852
5339,0.84572,-5.0368,0.90852,0.70631,-0.34872,-0.07988
3902,0.62138,-5.89639,0.90901,0.70618,-0.89279,-0.7167
5448,0.00087,-5.97204,1.27409,1.19921,-0.29073,-0.04769
677,0.27254,-5.79215,0.93622,0.80661,-1.52288,-1.25964
5477,1.37793,-3.95407,0.8681,0.64358,0.1284,1.23269
2633,-0.14997,-6.56549,1.24249,0.78287,-0.17263,0.1486
3487,-0.14813,-6.42498,1.03208,0.82967,-0.57512,-0.19246
2815,-0.01547,-4.75985,-0.23377,-0.52612,2.02129,2.11973
3342,-0.14327,-6.42053,0.8472,0.8045,-1.284,-0.93554
5277,0.86451,-5.52649,0.88841,0.76297,-0.7167,-0.30452
2873,-0.19518,-7.37216,0.66024,0.63924,-1.35655,-1.07572
2449,-0.22841,-6.5035,0.98785,0.6615,-1.01773,-0.68194
5576,-0.12205,-6.72719,0.84789,0.76797,-0.95078,-0.7167
1719,0.44685,-5.72498,1.16057,0.91377,-0.65365,0.01995
2288,-0.09963,-6.84792,0.98896,0.73809,-0.59176,-0.34872
878,0.03941,-6.306,1.10076,0.97546,-0.59176,-0.41567
3810,-0.01233,-6.61883,0.8384,0.76731,-1.35655,-1.11919
3137,-0.30892,-6.51998,0.75646,0.75646,-1.39794,-1.19382
834,-0.44491,-7.11517,1.21414,0.34286,-0.11464,0.03663
2332,-0.33348,-7.03024,0.69764,0.54356,-1.61979,-1.284
2690,0.01912,-6.50735,1.01992,0.80723,-0.89279,-0.69897
3889,-0.02365,-6.66091,0.86048,0.68957,-1.55284,-1.22185
5562,0.17696,-6.43464,0.98487,0.8349,-1.01773,-0.79588
1463,0.2927,-6.90444,0.11453,-0.18928,-0.89279,-0.7167
2980,-0.16813,-6.46156,-0.43609,-0.7452,0.06595,0.46
2217,0.47929,-5.33531,1.1528,0.91612,-0.49349,-0.1831
5527,0.65312,-5.17135,1.02262,0.83256,-0.44733,-0.08619
3742,-0.05849,-6.09015,1.22507,1.06254,-0.59176,-0.34872
2615,-0.29757,-6.75645,0.73436,0.5432,-1.92082,-1.55284
2146,0.04805,-6.43051,1.07933,0.81675,-1.05061,-0.60555
491,-0.41341,-5.92696,0.90877,0.77006,-1.40894,-1
1886,1.21397,-4.00364,0.80171,0.67791,0.56205,2.44046
3921,0.50161,-5.87104,1.0392,0.93156,-0.7167,-0.33348
2003,0.1452,-6.61685,1.11989,0.77953,-0.89963,-0.28233
3027,0.0249,-6.04339,1.09868,0.9369,-1.37675,-0.92082
2159,-0.35556,-7.79846,0.71361,0.35174,-1.58503,-1.29243
2161,-0.11407,-6.69712,0.90831,0.77114,-1.39794,-0.75203
3799,-0.21681,-7.36049,0.92142,0.43007,-1.31876,-1.01773
729,-0.21681,-6.24138,1.07238,0.81457,-1.20066,-0.73755
2382,-0.43652,-5.7733,-0.27361,-0.63936,-0.07988,0.2833
107,-0.52433,-6.60548,0.01734,-0.27643,1.83637,2.31926
5500,0.44201,-6.41464,0.94339,0.68436,-1.25181,-0.86646
5508,0.08565,-6.4075,0.04714,-0.21421,2.64257,2.68905
3773,-0.41567,-4.93939,-0.54505,-1.1149,1.73534,2.0311
1088,0.72908,-5.516,0.96828,0.77907,-0.89279,-0.7167
1435,-0.4389,-6.68646,0.8962,0.8962,-0.15243,0.08493
2910,0.04805,-6.00881,1.33732,1.04546,-0.89279,-0.49485
2599,-0.10791,-6.0802,1.28506,0.88031,-1.19382,-0.75449
5533,0.68708,-5.2846,1.13359,0.8904,-0.34872,-0.11464
5488,-0.14388,-7.16603,0.83756,0.77704,-1.01773,-0.7167
2795,0.2824,-6.09276,1.21797,0.94982,-0.95078,-0.63451
373,-0.19111,-6.5591,1.26326,1.1495,-0.11464,0.18639
5502,0.00647,-5.35799,1.46461,1.01352,-1.19382,-1.19382
3218,-0.08249,-6.39429,1.09064,0.91615,-1.39794,-1.01773
3412,1.3467,-5.38689,0.80359,0.63746,-1.92082,-1.16749
1680,-0.383,-7.02307,0.81184,0.81184,-0.89279,-0.89279
3665,0.60217,-5.82833,1.03725,0.89888,-1.4437,-1.11919
2358,-0.3363,-6.97951,1.12492,1.07985,-0.01773,0.10721
2856,1.27028,-3.60201,0.86575,0.86575,1.75214,2.07872
2095,-0.42713,-5.77412,1.36409,0.92541,-1.61979,-0.66555
474,0.76208,-5.27803,1.06912,0.92749,-1.14267,-0.81816
2757,-0.22915,-5.53504,-1.22212,-1.63976,-1.19382,-1.19382
2291,-0.55596,-6.79026,0.83949,0.73214,-1.19382,-1.19382
2755,-0.10958,-7.22154,1.13336,0.78632,-1.25181,-0.84164
3384,-0.25649,-7.60139,0.79009,0.79009,-1.69897,-1.25181
1791,0.15594,-7.10025,-0.44853,-0.62691,-0.54363,0.09167
289,-0.29243,-7.01375,0.91508,0.85632,-1.52288,-1.17393
4807,-0.28735,-6.52767,1.40446,1.01139,-1.19382,-0.7167
2715,0.94949,-4.84819,1.15249,0.92401,-0.7167,-0.41567
5458,-0.3536,-7.65324,0.14378,-0.15849,-1.79588,-1.61979
2679,1.09409,-4.79447,1.13351,0.85968,-0.7167,-0.59176
3437,-0.19179,-6.85359,1.6473,1.28564,-0.77469,-0.46344
3051,-0.43652,-6.4071,1.1294,1.1294,-1.26761,-0.86646
2464,-0.06048,-7.53118,-0.12131,-0.28883,-1.55284,-1.31876
